chain,residue_name,complex_residue_number,full_residue_number,mean_total,std_total,n_frames,label
A,GLN,57,760,-0.9879629520000001,0.2117211284921673,100,Q760
A,ALA,60,763,-1.2985451759999997,0.17982684904802645,100,A763
A,PHE,64,767,-0.6996831920000004,0.31178201954030627,100,F767
A,ARG,67,770,-1.443712408,0.27825934152693327,100,R770
A,ARG,70,773,-3.2450648800000006,0.4572711254407772,100,R773
A,LEU,71,774,-1.458330264,0.2928247653583115,100,L774
A,SER,73,776,-0.7684658399999997,0.35024928721202714,100,S776
A,ASN,74,777,-2.1390196880000003,0.28656315007897876,100,N777
A,CYS,77,780,-0.5782565279999997,0.2651551046727641,100,C780
A,MET,106,809,-1.2622117839999998,0.2813200129959305,100,M809
A,TRP,130,833,-5.105562368,0.5260214121905069,100,W833
A,GLU,131,834,-1.240124136,0.2586427006128077,100,E834
A,VAL,133,836,-0.6826947519999998,0.1850851209257229,100,V836
A,TYR,135,838,-1.4522148399999997,0.2224328675084663,100,Y838
A,TYR,179,882,-1.6966196720000002,0.2625974609905417,100,Y882
A,SER,182,885,-0.7986544480000001,0.27193552472794197,100,S885
A,MET,183,886,-3.33545488,0.36733401669524074,100,M886
A,LYS,184,887,-1.354825672,0.3800659592252437,100,K887
