Timepoint,IC50_uM,IC90_uM,Hill_slope
24h,29.733973606246533,45.18256047042063,5.251230495802668
48h,36.74194418127346,65.59698245896276,3.790862689229514
